{"cameraMode":{"drawMode":0,"name":"Shaded","section":"Shading Mode"},"sceneLighting":true,"audioPlay":false,"sceneViewState":{"m_AlwaysRefresh":false,"showFog":true,"showSkybox":true,"showFlares":true,"showImageEffects":true,"showParticleSystems":true,"showVisualEffectGraphs":true,"m_FxEnabled":true},"in2DMode":false,"pivot":{"x":531.7786865234375,"y":194.35569763183595,"z":-541.2379150390625},"rotation":{"x":-0.044670503586530688,"y":0.017978565767407419,"z":0.0008042500703595579,"w":0.9988282918930054},"size":14.446191787719727,"orthographic":false}